ID,transactionDate,idPayer,idPayee,amount,Payer,Payee
1,"2024-07-07 16:18:13",1,3,2.00,Ian,"Liu Zihe"
2,"2024-07-07 16:31:50",2,1,25.00,"Yun Hong",Ian
3,"2024-07-07 16:45:17",1,3,5.00,Ian,"Liu Zihe"
4,"2024-07-07 16:53:18",1,3,10.00,Ian,"Liu Zihe"
5,"2024-07-07 16:53:22",1,3,100.00,Ian,"Liu Zihe"
6,"2024-07-07 23:51:00",1,3,1.00,Ian,"Liu Zihe"
7,"2024-07-07 23:51:36",1,2,2.00,Ian,"Yun Hong"
8,"2024-07-07 23:53:29",2,3,5.00,"Yun Hong","Liu Zihe"
9,"2024-07-07 23:57:00",2,3,1.00,"Yun Hong","Liu Zihe"
10,"2024-07-07 23:57:13",2,1,2.00,"Yun Hong",Ian
